Name,Free Qty,Pledged Qty,Day Change %,LTP,Quantity,Day Change,Current Value,Source Name,Display Name,Symbol,Yahoo Ticker,Theme,Portfolio Bucket,Ticker Confidence,Ticker Note,Day P&L,Previous Close,P&L Matched,P&L Lots,P&L Quantity,Costed Quantity,Uncosted Quantity,Known Cost Value,Average Recorded Cost,Broker Unrealized P&L,Return on Recorded Cost %,Cost Basis Coverage %,Quantity Reconciliation %,Cost Basis Status,Cost Basis Note,Price Source,Quote Status,Quote Note,Weight %,Technical As Of,Technical Downloaded,Technical Status,Technical Score,Technical Note,RS Trend,RS vs 50D %,RS 3M %,RS Leader,RSI 14,P&F Signal,Above 50DMA,Above 200DMA,50DMA Distance %,200DMA Distance %,52W High Distance %,Technical Error,Session Volume,Volume vs 20D,Price Date,Price Timestamp,Quote Type,Intraday Alert,Last Refreshed
SANSERA,50.0,0.0,-4.4011605895946,4457.2001953125,50.0,-205.19970703125,222860.009765625,SANSERA,Sansera Engineering,SANSERA,SANSERA.NS,Auto Components,Monitor,Mapped,Ticker mapped for Yahoo/NSE technical refresh.,-10259.9853515625,4662.39990234375,True,1,50,50,0.0,118626.995,2372.54,77548.01,65.37,100.0,100.0,Cost basis available,"Quantity, average price, invested value, and unrealized P&L were supplied in the portfolio export.",SANSERA.NS,Updated,,4.987652805444373,2026-09-28,True,Leader / hold,100,Price is above the 50dma; price is above the 200dma; relative strength is above its 50-day average; rsi is in a constructive momentum zone; p&f shows a bullish breakout,"[100.0,99.84,100.64,99.25,101.31,100.02,99.31,104.46,103.68,103.62,104.7,104.28,104.98,103.6,103.74,103.2,102.72,98.59,99.69,99.63,101.56,102.76,108.17,108.78,109.38,109.57,111.07,109.24,110.57,111.8,109.21,107.87,107.56,107.66,111.87,110.91,110.09,110.34,110.58,109.76,113.04,111.36,111.3,110.22,109.96,111.59,108.09,109.3,109.72,113.03,115.35,117.78,125.62,127.77,130.01,127.39,123.05,129.19,125.84,131.42,133.87,134.37,130.69,130.31,129.4,128.23,125.88,127.63,127.97,128.2,132.86,130.78,128.59,127.53,127.59,131.98,136.32,140.54,140.1,140.84,134.85,138.28,138.7,145.8,147.1,157.02,157.32,160.92,163.31,158.53]",22.012542874271723,42.72484190419197,True,63.07,Bullish P&F breakout,True,True,15.825766928857421,62.82331577606337,-4.4011605895946,,253260.0,0.9463462481608632,2026-09-28,2026-09-28 15:30 IST,Yahoo 5-minute quote,,2026-09-28T23:16+05:30
KPL,60.0,0.0,-2.5978309292787327,3576.89990234375,60.0,-95.400146484375,214613.994140625,KPL,Kwality Pharmaceuticals,KPL,KPL.NS,Pharma,Monitor,Mapped,Ticker mapped for Yahoo/NSE technical refresh.,-5724.0087890625,3672.300048828125,True,1,60,60,0.0,95167.722,1586.13,109996.28,115.58,100.0,100.0,Cost basis available,"Quantity, average price, invested value, and unrealized P&L were supplied in the portfolio export.",KPL.NS,Updated,,4.803105281601837,2026-09-28,True,Partial: Risk review,15,"Rsi is in a constructive momentum zone History available for 30 trading days, so long-term context is limited.","[100.0,97.71,102.29,94.61,97.11,94.47,93.32,91.75,92.86,91.39,95.81,96.48,95.12,93.46,97.45,104.36,102.51,101.0,104.78,100.77,98.55,100.41,100.1,110.89,108.24,106.82,107.21,108.37,107.18]",,,,46.25,"Falling P&F column, wait for reversal",,,,,-6.970272485809947,,28327.0,0.5886882167799106,2026-09-28,2026-09-28 15:25 IST,Yahoo 5-minute quote,,2026-09-28T23:16+05:30
PARAS,100.0,0.0,-0.4542013626040897,1315.0,100.0,-6.0,131500.0,PARAS,Paras Defence and Space Technologies,PARAS,PARAS.NS,Defence,Monitor,Mapped,Ticker mapped for Yahoo/NSE technical refresh.,-600.0,1321.0,True,1,100,100,0.0,108943.77,1089.44,29316.23,26.91,100.0,100.0,Cost basis available,"Quantity, average price, invested value, and unrealized P&L were supplied in the portfolio export.",PARAS.NS,Updated,,2.9429970168524178,2026-09-28,True,Monitor,45,Price is above the 200dma; relative strength is above its 50-day average,"[100.0,102.55,107.02,106.77,105.26,103.41,104.05,109.01,107.78,114.28,123.23,124.98,132.99,135.07,129.46,140.27,139.77,136.57,160.7,163.26,175.33,170.99,166.81,160.77,154.85,149.03,161.72,159.23,166.59,160.62,167.86,159.96,160.05,150.52,153.17,149.42,147.54,148.93,146.92,144.81,147.64,149.18,150.97,149.42,148.98,150.31,145.67,147.96,148.45,153.19,155.87,157.57,156.94,160.36,155.13,152.9,154.78,154.01,161.05,166.52,167.68,185.07,181.29,181.17,180.69,183.03,173.26,179.27,174.89,172.78,171.17,167.06,172.26,171.59,172.41,182.26,183.62,180.46,179.06,176.87,168.5,165.9,170.81,169.56,173.77,169.95,169.69,169.4,166.99,168.79]",1.73052907610185,4.373023796312592,True,40.72,"Falling P&F column, wait for reversal",False,True,-3.430770577338149,38.26523752127562,-13.841127623181626,,581237.0,0.625146543004806,2026-09-28,2026-09-28 15:25 IST,Yahoo 5-minute quote,,2026-09-28T23:16+05:30
ARVIND,200.0,0.0,-0.9926258679904154,543.5999755859375,200.0,-5.45001220703125,108719.9951171875,ARVIND,Arvind,ARVIND,ARVIND.NS,Textiles / Apparel,Monitor,Mapped,Ticker mapped for Yahoo/NSE technical refresh.,-1090.00244140625,549.0499877929688,True,1,200,200,0.0,99225.5,496.13,15174.5,15.29,100.0,100.0,Cost basis available,"Quantity, average price, invested value, and unrealized P&L were supplied in the portfolio export.",ARVIND.NS,Updated,,2.4331758273923363,2026-09-28,True,Leader / hold,80,Price is above the 50dma; price is above the 200dma; relative strength is above its 50-day average; rsi is in a constructive momentum zone,"[100.0,97.87,97.29,98.72,97.25,96.37,98.75,103.13,100.48,103.35,102.22,102.99,103.25,103.32,104.14,101.99,101.47,100.39,100.42,102.64,103.73,101.74,105.29,111.94,110.8,111.68,118.82,112.63,113.59,113.95,108.95,107.46,106.3,106.38,103.85,107.16,106.99,106.81,106.03,106.44,104.77,104.44,104.01,103.35,106.01,103.93,101.31,101.85,100.07,100.93,102.92,107.0,106.55,107.29,109.84,107.16,110.38,109.97,107.56,111.52,107.59,102.92,100.94,104.88,104.37,103.29,104.3,104.99,104.91,105.12,107.0,108.71,112.81,111.12,109.49,112.25,115.33,113.86,114.08,115.13,112.57,112.03,109.66,110.92,108.12,107.12,109.45,115.91,112.78,113.38]",5.26091774544899,-4.5751234687780755,True,47.54,"Rising P&F column, no fresh breakout yet",True,True,0.11675451746888665,24.767984553055843,-6.668571088446207,,215504.0,0.3189952443206578,2026-09-28,2026-09-28 15:25 IST,Yahoo 5-minute quote,,2026-09-28T23:16+05:30
INDSWFTLAB,400.0,0.0,0.927414354740974,408.1000061035156,400.0,3.75,163240.00244140625,INDSWFTLAB,Ind-Swift Laboratories,INDSWFTLAB,INDSWFTLAB.NS,Pharma,Monitor,Mapped,Ticker mapped for Yahoo/NSE technical refresh.,1500.0,404.3500061035156,True,1,400,400,0.0,99135.12,247.84,22820.88,23.02,100.0,100.0,Cost basis available,"Quantity, average price, invested value, and unrealized P&L were supplied in the portfolio export.",INDSWFTLAB.NS,Updated,,3.653344792517414,2026-09-28,True,Leader / hold,100,Price is above the 50dma; price is above the 200dma; relative strength is above its 50-day average; rsi is in a constructive momentum zone; p&f shows a bullish breakout,"[100.0,97.24,96.57,98.98,97.93,112.15,122.54,120.92,117.86,117.04,118.47,118.62,121.02,123.5,121.29,121.76,119.24,119.12,118.65,122.78,136.25,136.83,141.34,141.29,147.3,151.08,149.17,146.11,149.35,155.3,160.07,155.31,165.16,170.24,175.97,169.45,164.78,162.17,167.7,166.47,167.26,169.36,168.06,164.74,165.65,172.5,169.54,159.4,157.23,159.73,161.09,162.97,163.1,161.13,162.08,167.19,200.47,210.76,207.93,214.81,220.83,245.55,227.93,235.01,232.0,230.22,227.19,257.82,251.45,254.27,254.45,260.15,261.07,264.51,253.21,263.39,276.76,278.46,271.52,277.15,278.2,267.24,275.13,269.15,273.64,292.52,290.51,295.37,298.4,305.81]",34.67178418096661,105.00849763601146,True,68.49,Bullish P&F breakout,True,True,27.211790870483597,118.28128809332226,0.0,,578757.0,0.7342735261722685,2026-09-28,2026-09-28 15:25 IST,Yahoo 5-minute quote,,2026-09-28T23:16+05:30
TITANBIO-BE,150.0,0.0,-3.085030833698565,386.3999938964844,150.0,-12.300018310546877,57959.999084472656,TITANBIO-BE,Titan Biotech,TITANBIO-BE,TITANBIO.NS,Biotechnology,Monitor,Mapped,Ticker mapped for Yahoo/NSE technical refresh.,-1845.0027465820312,398.7000122070313,True,1,150,150,0.0,37291.92,248.61,24373.08,65.36,100.0,100.0,Cost basis available,"Quantity, average price, invested value, and unrealized P&L were supplied in the portfolio export.",TITANBIO.BO,Updated,,1.2971566874705087,2026-09-28,True,Risk review,0,Price is above the 200dma; p&f shows a bearish breakdown,"[100.0,104.85,109.01,106.17,103.65,102.72,107.6,107.83,106.48,104.3,104.72,103.92,102.48,105.74,106.81,104.89,104.3,102.36,99.7,98.47,99.67,98.17,96.41,95.07,91.92,92.47,90.35,85.43,84.75,89.09,93.13,90.43,91.92,89.15,90.4,90.11,88.06,91.92,94.79,96.48,95.97,96.49,96.66,97.54,95.64,94.2,96.92,94.36,94.37,94.66,92.69,91.96,91.38,90.47,91.21,88.65,88.54,87.86,86.67,91.67,91.69,89.26,89.08,88.17,88.77,85.31,84.35,83.9,84.25,84.63,82.86,88.16,93.22,97.53,97.5,93.74,90.08,95.02,98.62,99.28,96.51,94.41,92.93,93.5,92.86,91.11,90.23,92.39,93.02,91.54]",-0.3220713089465921,1.319696967077677,False,40.93,Bearish P&F breakdown,False,True,-5.007324671329394,6.578377633823895,-26.89448497600574,,20890.0,0.7572009300993713,2026-09-28,2026-09-28 15:30 IST,Yahoo 5-minute quote,,2026-09-28T23:16+05:30
SHILPAMED,200.0,0.0,1.164338413423227,1025.25,200.0,11.79998779296875,205050.0,SHILPAMED,Shilpa Medicare,SHILPAMED,SHILPAMED.NS,Pharma,Monitor,Mapped,Ticker mapped for Yahoo/NSE technical refresh.,2359.99755859375,1013.4500122070312,True,1,200,200,0.0,114506.38,572.53,49503.62,43.23,100.0,100.0,Cost basis available,"Quantity, average price, invested value, and unrealized P&L were supplied in the portfolio export.",SHILPAMED.NS,Updated,,4.58906112779915,2026-09-28,True,Leader / hold,80,Price is above the 50dma; price is above the 200dma; relative strength is above its 50-day average; rsi is in a constructive momentum zone,"[100.0,103.14,106.7,104.64,101.86,104.9,106.25,110.05,110.25,111.99,115.04,114.92,121.34,120.84,117.49,116.45,111.93,115.38,119.19,113.24,114.32,113.2,123.23,120.49,119.51,120.39,125.06,118.47,124.09,125.92,122.83,123.47,124.36,128.24,127.7,128.11,127.61,131.65,130.42,127.2,127.49,130.09,126.11,125.47,125.87,127.24,123.82,122.92,122.98,124.14,125.29,130.14,145.68,149.89,153.74,162.28,164.6,161.31,161.32,165.53,162.81,163.47,163.02,164.96,163.58,171.67,172.07,172.2,180.61,180.57,188.78,179.28,188.44,193.5,195.7,191.5,195.21,196.43,192.9,197.25,191.12,194.46,198.9,210.1,220.37,212.63,212.37,211.58,213.4,219.22]",29.34643850909118,75.28488451086604,True,63.74,"Falling P&F column, wait for reversal",True,True,22.328755842638316,98.04099607872703,-4.253833278955732,,641957.0,0.5844919439187028,2026-09-28,2026-09-28 15:30 IST,Yahoo 5-minute quote,,2026-09-28T23:16+05:30
SHYAMMETL,100.0,0.0,-1.5567450989431908,1068.699951171875,100.0,-16.9000244140625,106869.9951171875,SHYAMMETL,Shyam Metalics and Energy,SHYAMMETL,SHYAMMETL.NS,Metals,Monitor,Mapped,Ticker mapped for Yahoo/NSE technical refresh.,-1690.00244140625,1085.5999755859375,True,1,100,100,0.0,107291.52,1072.92,-7111.52,-6.63,100.0,100.0,Cost basis available,"Quantity, average price, invested value, and unrealized P&L were supplied in the portfolio export.",SHYAMMETL.NS,Updated,,2.3917724473073405,2026-09-28,True,Leader / hold,100,Price is above the 50dma; price is above the 200dma; relative strength is above its 50-day average; rsi is in a constructive momentum zone; p&f shows a bullish breakout,"[100.0,101.26,101.77,103.05,102.65,103.91,103.89,106.35,106.44,108.37,108.71,106.94,105.37,106.38,107.33,106.39,103.47,102.35,101.04,102.77,102.16,100.79,101.99,100.2,100.41,101.46,100.82,100.85,100.92,100.29,100.19,100.51,98.47,99.24,100.82,106.25,107.54,107.02,108.03,106.48,109.2,109.68,107.56,109.75,108.52,107.95,106.88,106.89,106.06,106.54,104.77,104.72,105.71,104.8,103.92,102.81,100.86,100.8,99.78,102.66,101.26,101.99,101.89,102.15,100.83,102.41,102.49,106.17,106.47,112.06,110.91,110.79,111.02,111.1,110.21,112.45,112.15,111.91,113.61,112.43,112.22,111.93,113.93,115.36,115.12,114.77,115.35,117.54,116.52,116.47]",7.5766724429029875,15.524624844685997,True,50.47,Bullish P&F breakout,True,True,2.480812114658004,16.86222806597213,-3.355045760358477,,418930.0,0.8024099304765129,2026-09-28,2026-09-28 15:30 IST,Yahoo 5-minute quote,,2026-09-28T23:16+05:30
AZAD,50.0,0.0,-0.1759548690661638,2723.199951171875,50.0,-4.800048828125,136159.99755859375,AZAD,Azad Engineering,AZAD,AZAD.NS,Industrials / Aerospace,Monitor,Mapped,Ticker mapped for Yahoo/NSE technical refresh.,-240.00244140625,2728.0,True,1,50,50,0.0,118023.995,2360.48,17471.01,14.8,100.0,100.0,Cost basis available,"Quantity, average price, invested value, and unrealized P&L were supplied in the portfolio export.",AZAD.NS,Updated,,3.047288719616532,2026-09-28,True,Leader / hold,80,Price is above the 50dma; price is above the 200dma; relative strength is above its 50-day average; rsi is in a constructive momentum zone,"[100.0,100.63,99.7,102.89,99.91,99.43,98.83,103.06,104.89,109.91,110.69,110.12,111.49,109.51,107.67,107.39,104.56,104.39,105.66,100.64,101.88,100.88,99.95,97.83,99.05,97.65,100.73,99.72,100.45,104.22,108.45,109.84,109.21,119.66,118.4,113.39,114.7,112.44,115.46,112.04,112.13,113.38,112.19,114.45,118.77,117.4,115.2,114.19,108.08,109.19,108.69,112.41,115.82,116.84,118.11,120.16,116.41,116.49,124.93,128.35,136.81,135.34,133.86,130.37,133.58,131.54,131.35,132.56,131.61,133.55,133.46,134.41,132.58,131.32,132.12,137.01,134.51,134.43,133.4,137.03,132.86,126.78,126.73,134.56,133.35,133.91,130.13,131.84,134.63,136.46]",8.21281339898805,35.46839636759429,True,50.07,"Rising P&F column, no fresh breakout yet",True,True,2.701261294061452,33.698605777414215,-6.093312083946866,,425881.0,1.1845444953424795,2026-09-28,2026-09-28 15:30 IST,Yahoo 5-minute quote,,2026-09-28T23:16+05:30
UJJIVANSFB,1500.0,0.0,-2.5034754362614264,63.09000015258789,1500.0,-1.6199989318847656,94635.00022888184,UJJIVANSFB,Ujjivan Small Finance Bank,UJJIVANSFB,UJJIVANSFB.NS,Banking,Monitor,Mapped,Ticker mapped for Yahoo/NSE technical refresh.,-2429.9983978271484,64.70999908447266,True,1,1500,1500,0.0,108433.05,72.29,316.95,0.29,100.0,100.0,Cost basis available,"Quantity, average price, invested value, and unrealized P&L were supplied in the portfolio export.",UJJIVANSFB.NS,Updated,,2.117950748010853,2026-09-28,True,Risk review,20,Price is above the 200dma,"[100.0,99.09,102.57,103.05,101.26,102.6,102.86,101.5,103.24,101.46,102.75,101.33,103.2,102.72,104.19,104.64,107.36,107.54,106.03,109.17,106.54,105.1,104.88,106.72,105.32,107.17,110.73,114.18,113.77,110.58,110.42,113.81,111.76,115.71,119.25,121.97,119.48,119.84,120.38,119.39,120.0,119.7,120.01,128.28,131.76,131.66,128.72,128.36,128.71,130.75,128.25,127.43,126.03,131.16,127.29,125.78,126.38,130.1,127.68,130.94,130.34,131.01,130.02,129.68,129.8,126.51,124.47,123.84,123.21,121.63,123.31,118.17,115.88,114.38,117.27,118.97,118.28,117.57,122.42,120.61,120.41,121.81,119.05,119.96,119.56,119.48,121.14,118.07,122.19,120.96]",-2.59150619980012,9.238146806569937,False,41.92,"Falling P&F column, wait for reversal",False,True,-7.223862641845202,4.656544365505111,-12.943288133180786,,15495507.0,1.2090896974516478,2026-09-28,2026-09-28 15:25 IST,Yahoo 5-minute quote,,2026-09-28T23:16+05:30
MONARCH,200.0,0.0,-3.487248489726913,350.1000061035156,200.0,-12.649993896484377,70020.00122070312,MONARCH,Monarch Networth Capital,MONARCH,MONARCH.NS,Capital Markets,Monitor,Mapped,Ticker mapped for Yahoo/NSE technical refresh.,-2529.998779296875,362.75,True,1,200,200,0.0,79093.26,395.47,-1353.26,-1.71,100.0,100.0,Cost basis available,"Quantity, average price, invested value, and unrealized P&L were supplied in the portfolio export.",MONARCH.NS,Updated,,1.5670620130230566,2026-09-28,True,Risk review,10,Price is above the 200dma; rsi is weak or oversold,"[100.0,101.35,102.43,102.99,107.8,106.23,105.54,108.88,108.98,108.62,108.96,108.76,107.75,109.16,108.21,108.87,106.88,109.18,107.85,108.74,109.2,110.17,108.88,108.54,106.19,106.83,105.83,106.96,108.01,107.54,109.5,107.63,108.52,108.83,110.44,111.11,110.77,109.92,111.44,111.19,109.69,110.02,110.18,111.34,111.7,122.58,120.49,118.75,118.45,119.15,116.18,119.68,118.54,118.55,118.87,118.8,113.61,113.79,114.03,118.28,117.69,117.5,116.88,118.4,116.64,116.37,115.39,114.52,113.13,113.43,114.1,113.8,113.93,116.33,115.57,117.7,117.18,114.28,114.7,115.62,115.73,116.48,115.01,113.51,112.15,113.77,112.06,115.7,115.08,112.78]",-2.4059600900748435,6.568272939151831,False,32.45,"Falling P&F column, wait for reversal",False,True,-7.122391128224537,8.490826852088041,-11.721392059349423,,64952.0,0.6549931225318764,2026-09-28,2026-09-28 15:25 IST,Yahoo 5-minute quote,,2026-09-28T23:16+05:30
THANGAMAYL,10.0,0.0,-2.395559450774176,5011.5,10.0,-123.0,50115.0,THANGAMAYL,Thangamayil Jewellery,THANGAMAYL,THANGAMAYL.NS,Jewellery,Monitor,Mapped,Ticker mapped for Yahoo/NSE technical refresh.,-1230.0,5134.5,True,1,10,10,0.0,59493.237,5949.32,-5153.24,-8.66,100.0,100.0,Cost basis available,"Quantity, average price, invested value, and unrealized P&L were supplied in the portfolio export.",THANGAMAYL.NS,Updated,,1.1215839961943646,2026-09-28,True,Risk review,10,Price is above the 200dma; relative strength is below its 50-day average,"[100.0,98.71,97.92,96.94,99.88,108.66,112.06,120.02,126.07,144.52,140.64,145.67,143.32,144.69,145.12,143.42,142.07,139.76,144.16,138.67,139.01,141.1,137.8,139.18,143.76,151.55,164.35,151.68,160.31,156.55,158.97,161.24,174.73,167.13,163.69,155.73,162.29,165.81,160.25,162.23,159.98,161.21,164.12,176.04,176.76,184.71,180.76,161.67,145.99,130.83,122.97,117.38,123.22,128.63,131.56,132.49,129.39,131.56,129.84,134.7,132.32,136.38,137.17,135.15,135.76,135.82,132.85,135.51,135.81,133.97,132.65,131.92,131.02,132.08,133.31,137.44,134.43,128.91,128.46,129.58,126.81,127.17,122.99,127.85,124.98,129.78,134.03,131.87,133.18,131.99]",-4.147410902459692,-19.692387020356207,False,43.9,"Falling P&F column, wait for reversal",False,True,-8.247726561198387,11.648777328791704,-31.438538887748823,,37532.0,0.4317968718541656,2026-09-28,2026-09-28 15:25 IST,Yahoo 5-minute quote,,2026-09-28T23:16+05:30
AJANTPHARM,30.0,0.0,-0.6370172316705114,3525.199951171875,30.0,-22.60009765625,105755.99853515624,AJANTPHARM,Ajanta Pharma,AJANTPHARM,AJANTPHARM.NS,Pharma,Monitor,Mapped,Ticker mapped for Yahoo/NSE technical refresh.,-678.0029296875,3547.800048828125,True,1,30,30,0.0,107507.712,3583.59,2172.29,2.02,100.0,100.0,Cost basis available,"Quantity, average price, invested value, and unrealized P&L were supplied in the portfolio export.",AJANTPHARM.NS,Updated,,2.36684097492938,2026-09-28,True,Leader / hold,80,Price is above the 50dma; price is above the 200dma; relative strength is above its 50-day average; rsi is in a constructive momentum zone,"[100.0,98.54,96.76,96.75,94.3,92.81,94.01,93.37,94.44,94.63,95.92,96.57,96.95,100.22,103.3,100.51,96.72,96.94,96.65,96.15,95.79,99.32,100.15,102.0,100.22,107.05,107.82,104.72,104.13,103.67,104.67,102.83,103.23,102.73,102.77,104.83,105.03,106.14,106.4,105.69,106.58,109.53,107.19,107.77,105.45,104.64,103.07,104.07,105.64,106.07,106.41,107.26,105.53,107.09,107.39,107.17,107.11,107.9,109.9,112.5,113.77,113.8,113.51,111.82,111.12,109.23,107.99,108.08,107.94,108.09,108.95,107.42,107.47,108.39,106.9,108.87,110.65,109.86,109.81,110.22,111.84,111.76,110.44,111.46,110.81,110.1,111.0,113.01,113.56,114.57]",5.100730362917338,6.269594975331261,True,49.29,"Falling P&F column, wait for reversal",True,True,0.07626792417680939,14.640982996990171,-5.190683732303625,,94247.0,1.257288838788429,2026-09-28,2026-09-28 15:25 IST,Yahoo 5-minute quote,,2026-09-28T23:16+05:30
ZYDUSWELL,200.0,0.0,0.7299364207322467,524.4000244140625,200.0,3.800048828125,104880.0048828125,ZYDUSWELL,Zydus Wellness,ZYDUSWELL,ZYDUSWELL.NS,Consumer Staples,Monitor,Mapped,Ticker mapped for Yahoo/NSE technical refresh.,760.009765625,520.5999755859375,True,1,200,200,0.0,116799.5,584.0,-14529.5,-12.44,100.0,100.0,Cost basis available,"Quantity, average price, invested value, and unrealized P&L were supplied in the portfolio export.",ZYDUSWELL.NS,Updated,,2.347236057015849,2026-09-28,True,Constructive,60,Price is above the 200dma; relative strength is above its 50-day average; rsi is in a constructive momentum zone,"[100.0,99.19,97.39,95.86,95.87,102.49,101.16,101.8,103.37,102.68,103.72,108.62,104.38,103.27,104.88,103.61,100.87,102.5,101.34,100.7,102.13,106.56,106.26,105.03,104.14,114.9,115.62,113.45,118.03,118.94,115.33,113.96,112.44,113.23,115.98,115.83,113.19,112.91,118.32,115.86,118.31,115.97,113.26,110.31,112.63,110.48,108.29,113.48,111.21,113.0,108.36,107.0,103.13,103.88,104.06,99.91,97.9,97.95,97.33,98.99,98.87,96.58,95.79,97.04,94.9,98.76,101.09,101.99,103.25,101.34,101.61,102.65,104.51,104.93,103.9,108.98,109.28,109.1,111.89,109.06,110.97,111.32,109.13,103.45,105.1,103.14,104.62,105.18,105.54,107.95]",2.4674602985394145,-6.633039342120329,True,45.33,"Falling P&F column, wait for reversal",False,True,-2.1612540345983478,7.802743805974499,-12.962651549533199,,157352.0,0.2702426519749961,2026-09-28,2026-09-28 15:25 IST,Yahoo 5-minute quote,,2026-09-28T23:16+05:30
MOTHERSON,750.0,0.0,-2.015576284688048,162.3699951171875,750.0,-3.3400115966796875,121777.49633789062,MOTHERSON,Samvardhana Motherson International,MOTHERSON,MOTHERSON.NS,Auto Components,Monitor,Mapped,Ticker mapped for Yahoo/NSE technical refresh.,-2505.0086975097656,165.7100067138672,True,1,750,750,0.0,115365.075,153.82,11257.43,9.76,100.0,100.0,Cost basis available,"Quantity, average price, invested value, and unrealized P&L were supplied in the portfolio export.",MOTHERSON.NS,Updated,,2.7254053873929154,2026-09-28,True,Leader / hold,80,Price is above the 50dma; price is above the 200dma; relative strength is above its 50-day average; rsi is in a constructive momentum zone,"[100.0,99.26,98.1,97.53,102.19,106.16,104.53,106.78,107.91,106.49,106.34,103.94,106.41,106.54,106.32,105.81,107.82,106.8,104.68,104.04,104.55,104.39,103.72,104.12,109.9,109.48,107.24,106.08,105.6,104.81,103.65,102.25,101.79,101.95,101.01,101.46,100.79,100.55,101.94,102.61,101.34,102.44,102.47,105.02,104.89,106.0,104.99,103.02,103.86,106.26,108.09,105.79,108.13,109.14,118.34,117.16,117.96,117.85,116.13,117.62,117.34,119.38,119.28,118.26,117.99,117.66,115.37,114.57,115.38,114.83,117.8,115.81,115.01,113.79,113.14,114.53,115.58,116.1,116.17,117.06,114.97,115.03,116.53,116.02,116.28,115.48,116.69,118.39,121.03,120.42]",6.142353341528484,12.281815799879837,True,49.53,"Rising P&F column, no fresh breakout yet",True,True,0.841408090808593,19.74593619989491,-4.868759031633651,,9316980.0,0.8191753778898553,2026-09-28,2026-09-28 15:15 IST,Yahoo 5-minute quote,,2026-09-28T23:16+05:30
HSCL,150.0,0.0,-1.2964991223526678,669.9500122070312,150.0,-8.79998779296875,100492.50183105467,HSCL,Himadri Speciality Chemical,HSCL,HSCL.NS,Specialty Chemicals,Monitor,Mapped,Ticker mapped for Yahoo/NSE technical refresh.,-1319.9981689453125,678.75,True,1,150,150,0.0,109530.195,730.2,7919.8,7.23,100.0,100.0,Cost basis available,"Quantity, average price, invested value, and unrealized P&L were supplied in the portfolio export.",HSCL.NS,Updated,,2.249042837299088,2026-09-28,True,Monitor,35,Price is above the 200dma; rsi is in a constructive momentum zone,"[100.0,99.42,99.47,101.16,101.21,102.62,103.35,103.94,103.65,110.05,117.88,115.89,116.59,120.61,119.34,116.65,113.11,115.85,117.5,115.31,111.98,108.91,107.25,110.92,114.11,114.1,114.25,107.84,110.14,113.28,113.35,106.62,107.74,107.81,108.23,108.49,110.46,111.83,118.87,122.4,126.31,131.02,127.13,130.1,131.95,130.44,123.44,125.97,124.84,122.7,121.39,122.12,121.67,124.26,122.58,124.87,122.1,122.92,125.19,126.59,127.49,127.01,121.86,113.88,105.72,106.91,106.05,106.89,108.69,108.21,105.51,110.42,107.73,107.83,109.56,110.28,109.7,109.71,109.57,109.75,107.42,110.02,109.07,111.77,111.97,110.82,109.92,114.02,114.96,115.22]",-1.4482861835596106,0.8505813562538656,False,46.66,"Rising P&F column, no fresh breakout yet",False,True,-5.840568218697095,15.154555032176443,-16.35035687542077,,1321722.0,0.3787077415848777,2026-09-28,2026-09-28 15:30 IST,Yahoo 5-minute quote,,2026-09-28T23:16+05:30
AVALON,50.0,0.0,-0.7859157753113633,2310.199951171875,50.0,-18.300048828125,115509.99755859376,AVALON,Avalon Technologies,AVALON,AVALON.NS,Electronics Manufacturing,Monitor,Mapped,Ticker mapped for Yahoo/NSE technical refresh.,-915.00244140625,2328.5,True,1,50,50,0.0,97978.805,1959.58,-783.8,-0.8,100.0,100.0,Cost basis available,"Quantity, average price, invested value, and unrealized P&L were supplied in the portfolio export.",AVALON.NS,Updated,,2.585137477046171,2026-09-28,True,Leader / hold,80,Price is above the 50dma; price is above the 200dma; relative strength is above its 50-day average; rsi is in a constructive momentum zone,"[100.0,100.63,102.23,98.35,100.68,103.8,100.32,104.43,105.28,113.26,111.63,112.48,113.5,107.6,111.02,116.66,120.07,117.88,117.74,118.3,117.45,115.57,118.71,118.0,118.83,121.62,122.28,121.0,120.68,120.07,116.11,109.61,110.64,115.66,116.9,113.59,116.04,111.2,117.35,114.8,113.61,115.04,116.42,117.49,117.42,115.05,108.95,110.72,116.53,119.22,114.29,118.34,119.49,116.9,129.13,125.52,126.38,127.75,125.29,126.9,134.52,144.02,147.16,146.51,142.33,138.04,136.93,144.63,146.74,144.77,153.25,151.71,144.28,147.76,144.68,155.6,151.14,152.19,148.31,150.8,146.95,150.69,150.19,169.44,166.01,164.86,162.41,157.86,159.11,160.29]",16.259408798868158,31.084870966670366,True,53.04,"Falling P&F column, wait for reversal",True,True,10.224931673576808,63.386427553652155,-8.964810827810577,,122431.0,0.1756317429941718,2026-09-28,2026-09-28 15:30 IST,Yahoo 5-minute quote,,2026-09-28T23:16+05:30
ICICIBANK,50.0,0.0,-1.869162489858911,1302.0,50.0,-24.800048828125,65100.0,ICICIBANK,ICICI Bank,ICICIBANK,ICICIBANK.NS,Banking,Monitor,Mapped,Ticker mapped for Yahoo/NSE technical refresh.,-1240.00244140625,1326.800048828125,True,1,50,50,0.0,52353.945,1047.08,18301.06,34.96,100.0,100.0,Cost basis available,"Quantity, average price, invested value, and unrealized P&L were supplied in the portfolio export.",ICICIBANK.NS,Updated,,1.456951374882832,2026-09-28,True,Risk review,0,Rsi is weak or oversold,"[100.0,101.59,102.79,101.26,100.67,100.88,100.76,99.65,101.47,101.82,103.06,103.05,103.82,106.81,109.67,109.06,106.53,106.43,106.31,106.4,106.63,106.7,106.55,109.05,110.79,111.22,109.77,109.38,110.42,111.46,112.18,111.22,110.14,108.67,108.97,109.43,109.91,110.27,110.74,113.12,113.68,113.58,113.14,113.89,113.63,113.21,111.8,111.65,111.7,111.34,112.98,113.09,112.73,113.89,110.74,110.82,110.56,110.46,108.3,109.9,109.66,109.78,108.97,109.26,109.77,109.32,109.43,110.18,111.3,109.48,111.36,111.6,111.49,111.46,111.19,112.0,109.54,109.33,109.37,108.95,108.94,109.59,107.65,106.04,106.54,106.12,105.55,107.89,107.54,107.15]",-2.8985651608008034,-2.383147282834841,False,24.0,"Falling P&F column, wait for reversal",False,False,-7.417804924769089,-3.208868139131582,-10.821917808219183,,5861287.0,0.6689683827365006,2026-09-28,2026-09-28 15:10 IST,Yahoo 5-minute quote,,2026-09-28T23:16+05:30
INDNIPPON,100.0,0.0,-2.0937624494221208,1290.5999755859375,100.0,-27.5999755859375,129059.99755859376,INDNIPPON,India Nippon Electricals,INDNIPPON,INDNIPPON.NS,Auto Components,Monitor,Mapped,Ticker mapped for Yahoo/NSE technical refresh.,-2759.99755859375,1318.199951171875,True,1,100,100,0.0,118231.93,1182.32,-5931.93,-5.02,100.0,100.0,Cost basis available,"Quantity, average price, invested value, and unrealized P&L were supplied in the portfolio export.",INDNIPPON.NS,Updated,,2.888389260911952,2026-09-28,True,Leader / hold,80,Price is above the 50dma; price is above the 200dma; relative strength is above its 50-day average; rsi is in a constructive momentum zone,"[100.0,99.99,101.77,101.6,101.12,115.77,113.48,113.89,115.14,116.62,115.78,114.19,114.14,113.23,112.22,113.34,114.74,115.68,114.16,113.14,113.32,113.74,117.64,117.27,119.69,121.05,125.1,120.98,122.95,121.96,122.72,126.57,125.79,136.47,142.22,150.2,147.81,142.95,147.4,148.75,147.36,150.86,149.17,150.02,148.7,146.93,142.24,142.42,141.5,142.09,140.91,142.75,137.13,139.77,141.04,135.05,135.89,139.29,133.86,135.2,136.91,135.18,133.92,132.22,132.66,128.6,127.81,127.49,127.16,126.78,124.89,129.14,129.11,134.21,140.44,137.4,136.35,160.43,167.84,166.6,160.13,155.28,156.48,154.88,152.27,152.08,154.13,165.12,165.82,164.85]",15.144700269812184,31.77036430682747,True,59.36,"Rising P&F column, no fresh breakout yet",True,True,9.528075408475667,40.74469006414547,-5.726809672320121,,39627.0,0.1388665243787372,2026-09-28,2026-09-28 15:25 IST,Yahoo 5-minute quote,,2026-09-28T23:16+05:30
TANFACIND-EQ,45.0,0.0,-0.4923330213659649,3405.64990234375,45.0,-16.85009765625,153254.24560546875,TANFACIND-EQ,Tanfac Industries,TANFACIND-EQ,TANFACIND.NS,Specialty Chemicals,Monitor,Mapped,Ticker mapped for Yahoo/NSE technical refresh.,-758.25439453125,3422.5,True,1,45,45,0.0,121415.3325,2698.12,36984.67,30.46,100.0,100.0,Cost basis available,"Quantity, average price, invested value, and unrealized P&L were supplied in the portfolio export.",TANFACIND.BO,Updated,,3.4298615029419186,2026-09-28,True,Leader / hold,80,Price is above the 50dma; price is above the 200dma; relative strength is above its 50-day average; rsi is in a constructive momentum zone,"[100.0,99.46,95.32,92.22,91.71,96.19,98.57,98.16,96.66,94.94,95.03,95.62,91.81,89.71,93.95,96.51,97.51,99.29,100.3,105.64,106.63,108.12,110.86,113.9,113.16,117.05,116.34,115.13,113.28,112.79,109.0,107.74,108.37,109.95,110.63,110.55,112.56,113.0,121.44,123.63,124.27,123.89,124.65,125.51,126.02,120.01,131.51,127.42,131.22,139.83,143.59,140.66,139.09,140.66,139.31,138.71,141.03,147.18,157.76,160.3,156.94,157.08,152.48,148.28,149.57,143.76,138.13,138.21,140.12,139.23,141.19,141.74,139.52,138.91,147.22,157.18,162.84,161.26,155.86,155.66,162.82,159.48,164.49,163.04,159.11,158.54,157.56,160.63,161.96,163.64]",12.09861074879155,40.66416839414488,True,55.42,"Falling P&F column, wait for reversal",True,True,6.825781522911267,41.14034659123329,-4.41653940059048,,11444.0,0.6675435807844978,2026-09-28,2026-09-28 15:25 IST,Yahoo 5-minute quote,,2026-09-28T23:16+05:30
VADILALIND,20.0,0.0,-1.818302475280376,7397.5,20.0,-137.0,147950.0,VADILALIND,Vadilal Industries,VADILALIND,VADILALIND.NS,Consumer Staples,Monitor,Mapped,Ticker mapped for Yahoo/NSE technical refresh.,-2740.0,7534.5,True,1,20,20,0.0,148402.65,7420.13,7447.35,5.02,100.0,100.0,Cost basis available,"Quantity, average price, invested value, and unrealized P&L were supplied in the portfolio export.",VADILALIND.NS,Updated,,3.311151396527112,2026-09-28,True,Leader / hold,80,Price is above the 50dma; price is above the 200dma; relative strength is above its 50-day average; rsi is in a constructive momentum zone,"[100.0,100.7,100.63,101.57,102.26,112.55,123.72,126.62,127.54,129.33,136.62,134.38,135.69,141.67,143.18,141.47,139.96,142.62,141.99,142.53,139.99,145.22,147.08,147.45,147.38,147.63,145.27,139.63,141.63,145.41,146.04,147.72,145.09,144.77,144.27,144.45,153.81,149.63,153.28,152.25,153.0,153.17,153.69,155.08,154.02,153.24,152.46,163.34,163.76,161.97,163.38,162.77,159.79,164.33,161.21,163.93,163.39,160.47,171.93,172.49,164.8,165.78,165.12,164.41,164.95,165.03,164.57,164.53,165.18,174.87,169.03,173.18,169.97,171.72,173.03,170.36,170.63,169.92,165.84,159.07,164.2,166.98,164.12,168.68,169.93,174.13,170.74,173.4,176.67,176.13]",6.56216342568765,21.24239215923851,True,51.64,"Rising P&F column, no fresh breakout yet",True,True,1.4522769208031194,32.98057022041705,-5.825076753711189,,5280.0,0.2971375189579928,2026-09-28,2026-09-28 15:25 IST,Yahoo 5-minute quote,,2026-09-28T23:16+05:30
MARICO,150.0,0.0,-0.7020757020756996,813.25,150.0,-5.75,121987.5,MARICO,Marico,MARICO,MARICO.NS,Consumer Staples,Monitor,Mapped,Ticker mapped for Yahoo/NSE technical refresh.,-862.5,819.0,True,1,150,150,0.0,90093.525,600.62,39596.48,43.95,100.0,100.0,Cost basis available,"Quantity, average price, invested value, and unrealized P&L were supplied in the portfolio export.",MARICO.NS,Updated,,2.7301053124964585,2026-09-28,True,Constructive,60,Price is above the 200dma; relative strength is above its 50-day average; rsi is in a constructive momentum zone,"[100.0,98.97,97.88,98.16,98.54,98.57,97.84,98.43,99.02,99.27,98.9,99.62,98.93,101.17,100.87,99.53,97.07,96.34,95.65,97.2,96.66,95.77,97.66,97.19,98.52,100.59,99.72,100.79,100.87,98.94,98.44,99.56,100.13,101.13,99.05,98.22,98.94,98.24,97.92,98.76,99.48,99.0,101.21,101.2,101.37,100.45,103.11,101.93,103.51,101.36,101.46,101.25,98.57,100.01,99.98,99.47,98.41,98.18,99.05,99.87,98.25,97.37,98.33,98.86,97.71,97.29,97.02,95.53,95.68,95.01,93.47,96.8,96.47,95.98,94.78,94.11,95.98,95.34,94.41,94.29,95.0,97.25,97.14,94.75,97.19,97.85,97.57,99.21,98.79,99.61]",1.5203415558178834,-0.1143421579926529,True,45.34,"Rising P&F column, no fresh breakout yet",False,True,-3.1728341040707986,2.196543857926603,-8.143669461132664,,1049933.0,0.6096297276282169,2026-09-28,2026-09-28 15:15 IST,Yahoo 5-minute quote,,2026-09-28T23:16+05:30
BLSE,300.0,0.0,-1.2016620068314945,320.6499938964844,300.0,-3.899993896484375,96194.99816894533,BLSE,BLS E-Services,BLSE,BLSE.NS,Digital Services,Monitor,Mapped,Ticker mapped for Yahoo/NSE technical refresh.,-1169.9981689453125,324.54998779296875,True,1,300,300,0.0,95815.86,319.39,-1165.86,-1.22,100.0,100.0,Cost basis available,"Quantity, average price, invested value, and unrealized P&L were supplied in the portfolio export.",BLSE.NS,Updated,,2.1528638224131544,2026-09-28,True,Leader / hold,80,Price is above the 50dma; price is above the 200dma; relative strength is above its 50-day average; rsi is in a constructive momentum zone,"[100.0,99.85,100.78,103.49,104.0,106.45,108.29,108.8,109.8,109.41,112.02,112.02,112.46,111.44,112.01,110.97,112.27,108.64,108.78,106.59,107.38,107.62,107.04,106.77,107.44,111.5,111.2,120.94,119.03,125.06,126.19,125.44,124.56,122.86,122.28,123.15,126.51,127.6,125.35,128.36,126.88,124.48,122.0,124.93,133.73,134.85,131.91,138.58,137.13,139.3,137.41,138.82,146.95,147.01,143.35,144.17,145.51,144.71,143.77,144.36,142.63,143.03,144.61,147.18,146.94,144.14,142.19,145.91,143.47,148.69,148.75,150.64,149.46,149.42,148.1,148.45,149.55,149.69,148.36,146.58,148.4,150.02,149.04,148.7,149.08,154.18,150.68,156.69,156.05,156.55]",8.607758015414092,40.77436061268032,True,54.16,"Rising P&F column, no fresh breakout yet",True,True,3.2027202508813746,44.51236950717716,-2.270652870600909,,161854.0,0.4937805325620155,2026-09-28,2026-09-28 15:30 IST,Yahoo 5-minute quote,,2026-09-28T23:16+05:30
MARUTI,7.0,0.0,-0.4724409448818911,12008.0,7.0,-57.0,84056.0,MARUTI,Maruti Suzuki India,MARUTI,MARUTI.NS,Auto,Monitor,Mapped,Ticker mapped for Yahoo/NSE technical refresh.,-399.0,12065.0,True,1,7,7,0.0,99129.3639,14161.34,-1815.36,-1.83,100.0,100.0,Cost basis available,"Quantity, average price, invested value, and unrealized P&L were supplied in the portfolio export.",MARUTI.NS,Updated,,1.8811905494186072,2026-09-28,True,Risk review,0,Relative strength is below its 50-day average; rsi is weak or oversold; p&f shows a bearish breakdown,"[100.0,99.69,100.1,99.88,100.98,100.69,100.52,101.06,101.8,101.52,101.8,101.66,102.05,103.14,104.19,103.86,105.82,104.32,103.55,102.11,101.33,101.15,102.3,100.47,104.85,102.7,107.63,109.01,108.1,108.38,108.57,109.18,106.32,103.21,102.92,101.57,100.6,101.03,102.81,103.27,100.5,100.83,101.61,101.64,101.83,102.7,103.02,103.45,105.58,105.47,103.72,104.35,104.49,104.22,104.67,104.39,103.52,102.43,102.42,102.66,102.01,101.84,101.81,102.25,100.33,100.68,100.66,99.67,99.18,98.48,99.27,96.16,96.09,95.88,94.89,95.78,94.67,95.02,95.16,93.71,94.4,93.88,94.3,91.71,92.11,92.39,92.17,92.75,93.56,94.55]",-4.662837720653945,-12.145632082487111,False,28.85,Bearish P&F breakdown,False,False,-9.078447837940617,-13.426881737928376,-29.86006914402327,,291518.0,0.7465716167668351,2026-09-28,2026-09-28 15:10 IST,Yahoo 5-minute quote,,2026-09-28T23:16+05:30
NYKAA,360.0,0.0,-2.457300541524665,325.5,360.0,-8.20001220703125,117180.0,NYKAA,FSN E-Commerce Ventures (Nykaa),NYKAA,NYKAA.NS,Consumer Internet,Monitor,Mapped,Ticker mapped for Yahoo/NSE technical refresh.,-2952.00439453125,333.70001220703125,True,1,360,360,0.0,112206.132,311.68,6719.87,5.99,100.0,100.0,Cost basis available,"Quantity, average price, invested value, and unrealized P&L were supplied in the portfolio export.",NYKAA.NS,Updated,,2.6225124747890973,2026-09-28,True,Monitor,45,Price is above the 200dma; relative strength is above its 50-day average,"[100.0,100.86,97.28,95.46,94.24,95.36,98.14,99.14,99.65,98.54,96.97,97.14,98.45,98.12,98.12,100.72,99.11,98.28,101.16,106.99,108.38,108.72,109.24,110.17,108.95,109.62,112.34,110.78,112.13,110.95,111.59,112.19,114.84,115.47,116.22,115.43,114.69,116.02,114.85,114.56,114.02,115.26,116.12,116.74,115.9,115.84,116.6,115.13,117.71,117.09,119.83,119.55,117.04,116.45,116.17,112.48,112.85,113.64,114.46,115.26,113.77,111.9,114.24,114.78,115.92,114.57,115.34,117.62,117.05,115.95,120.2,117.94,118.4,116.95,116.63,117.19,119.84,121.2,121.27,122.17,121.76,117.9,116.11,118.1,119.49,118.63,120.54,121.7,121.43,120.27]",2.6708833293168643,7.061618469819475,True,43.13,"Rising P&F column, no fresh breakout yet",False,True,-2.3018348761502216,14.646242510038544,-6.880271386881887,,3414862.0,0.8726951244667511,2026-09-28,2026-09-28 15:10 IST,Yahoo 5-minute quote,,2026-09-28T23:16+05:30
TATATECH,200.0,0.0,0.5689495867224004,707.0499877929688,200.0,4.0,141409.99755859375,TATATECH,Tata Technologies,TATATECH,TATATECH.NS,Engineering Services,Monitor,Mapped,Ticker mapped for Yahoo/NSE technical refresh.,800.0,703.0499877929688,True,1,200,200,0.0,159907.98,799.54,13292.02,8.31,100.0,100.0,Cost basis available,"Quantity, average price, invested value, and unrealized P&L were supplied in the portfolio export.",TATATECH.NS,Updated,,3.164784798236115,2026-09-28,True,Risk review,0,Price is above the 200dma; relative strength is below its 50-day average; rsi is weak or oversold; p&f shows a bearish breakdown,"[100.0,100.95,100.85,104.63,106.54,105.98,108.72,112.19,111.77,113.92,117.85,120.25,113.54,117.18,113.99,115.84,115.92,114.93,115.13,113.53,111.68,112.75,114.84,112.93,113.55,108.9,103.76,100.95,106.77,107.35,106.3,108.53,106.57,106.42,106.18,112.23,112.24,112.29,113.59,112.82,110.75,107.53,106.31,105.03,107.14,106.13,109.66,109.53,111.21,110.2,111.37,111.71,110.44,118.01,128.17,128.21,126.08,122.42,125.97,126.83,122.87,122.44,119.01,120.15,119.55,116.09,115.73,115.2,116.17,120.97,119.93,119.17,119.77,118.24,117.77,116.06,117.77,116.81,115.96,113.44,115.41,113.73,114.21,107.81,108.19,106.8,106.34,109.34,107.37,109.64]",-4.736275918608723,5.673048403543057,False,31.19,Bearish P&F breakdown,False,True,-9.329200528392,5.315348967016953,-19.57573017594981,,838507.0,0.8845161233495697,2026-09-28,2026-09-28 15:30 IST,Yahoo 5-minute quote,,2026-09-28T23:16+05:30
J&KBANK,600.0,0.0,-2.635185450155142,142.25,600.0,-3.850006103515625,85350.0,J&KBANK,Jammu & Kashmir Bank,J&KBANK,J&KBANK.NS,Banking,Monitor,Mapped,Ticker mapped for Yahoo/NSE technical refresh.,-2310.003662109375,146.10000610351562,True,1,600,600,0.0,91059.72,151.77,2456.28,2.7,100.0,100.0,Cost basis available,"Quantity, average price, invested value, and unrealized P&L were supplied in the portfolio export.",J&KBANK.NS,Updated,,1.9101505352726529,2026-09-28,True,Risk review,0,Price is above the 200dma; relative strength is below its 50-day average; p&f shows a bearish breakdown,"[100.0,99.84,99.4,98.45,100.99,100.01,102.25,102.31,107.76,106.6,106.89,108.36,113.42,113.08,113.1,113.61,113.86,114.65,114.99,114.58,114.93,113.66,113.18,112.39,112.23,113.54,109.6,109.87,115.27,115.77,114.21,114.2,117.48,117.61,132.94,125.79,122.9,126.18,123.15,126.97,125.9,128.76,125.3,122.16,121.43,123.34,122.93,106.54,106.27,107.37,106.3,107.96,107.02,110.06,109.2,105.66,106.75,106.91,106.88,106.11,100.88,102.78,101.87,100.91,101.36,99.39,101.2,103.08,103.28,101.57,99.53,100.64,99.34,102.78,103.13,102.09,101.27,100.98,101.32,100.97,102.75,104.79,103.53,102.15,101.73,101.72,103.45,104.62,104.19,103.01]",-3.242523587466639,-6.009630081388028,False,36.82,Bearish P&F breakdown,False,True,-7.364234593601859,6.382660236297588,-26.16143031053795,,1339376.0,0.7208114047172931,2026-09-28,2026-09-28 15:25 IST,Yahoo 5-minute quote,,2026-09-28T23:16+05:30
EQUITASBNK,1000.0,0.0,-1.5067912197880284,66.0199966430664,1000.0,-1.0100021362304688,66019.9966430664,EQUITASBNK,Equitas Small Finance Bank,EQUITASBNK,EQUITASBNK.NS,Banking,Monitor,Mapped,Ticker mapped for Yahoo/NSE technical refresh.,-1010.0021362304688,67.02999877929688,True,1,1000,1000,0.0,82713.0,82.71,-7993.0,-9.66,100.0,100.0,Cost basis available,"Quantity, average price, invested value, and unrealized P&L were supplied in the portfolio export.",EQUITASBNK.NS,Updated,,1.4775410887692095,2026-09-28,True,Risk review,0,Relative strength is below its 50-day average; rsi is weak or oversold; p&f shows a bearish breakdown,"[100.0,96.27,97.74,100.08,102.9,101.6,101.67,102.14,104.39,105.99,108.83,111.15,110.03,109.43,107.14,110.74,113.47,113.2,112.72,111.0,110.25,108.87,110.6,110.24,108.13,107.77,108.48,110.14,110.09,108.6,109.86,112.27,110.45,110.88,115.26,116.23,112.48,112.11,108.95,109.71,111.23,113.92,111.83,112.2,111.96,111.49,105.09,102.33,101.9,105.14,105.46,106.13,105.25,106.25,104.77,104.42,103.36,102.82,104.5,103.29,103.74,105.76,103.75,106.48,105.83,103.55,103.18,103.59,102.24,101.62,101.25,101.83,102.6,101.74,101.85,102.85,101.48,102.26,102.53,103.26,102.86,105.94,102.98,104.86,102.53,103.22,101.74,101.44,97.09,97.1]",-6.893393884555843,-10.488212925796903,False,28.33,Bearish P&F breakdown,False,False,-11.16194919410206,-4.422180054771186,-20.52486230214845,,2198524.0,1.3907222725994646,2026-09-28,2026-09-28 15:30 IST,Yahoo 5-minute quote,,2026-09-28T23:16+05:30
KTKBANK,500.0,0.0,-4.068552577193552,321.8500061035156,500.0,-13.649993896484377,160925.0030517578,KTKBANK,Karnataka Bank,KTKBANK,KTKBANK.NS,Banking,Monitor,Mapped,Ticker mapped for Yahoo/NSE technical refresh.,-6824.996948242188,335.5,True,1,500,500,0.0,156383.15,312.77,-1183.15,-0.76,100.0,100.0,Cost basis available,"Quantity, average price, invested value, and unrealized P&L were supplied in the portfolio export.",KTKBANK.NS,Updated,,3.601534630557334,2026-09-28,True,Leader / hold,80,Price is above the 50dma; price is above the 200dma; relative strength is above its 50-day average; rsi is in a constructive momentum zone,"[100.0,97.52,96.48,97.18,98.67,99.24,99.09,98.41,100.32,98.13,98.17,97.05,101.1,100.48,101.27,102.9,100.41,102.13,101.13,101.08,99.81,99.29,98.27,96.59,97.32,98.79,100.13,99.61,96.83,95.45,94.95,95.87,96.22,96.78,98.61,99.37,98.21,98.23,98.01,98.17,98.32,100.2,99.54,102.65,101.78,102.6,99.22,99.4,103.93,101.35,101.92,104.73,105.99,109.08,109.93,107.5,106.57,110.13,109.56,109.28,108.06,109.93,114.61,117.98,115.48,117.15,117.11,118.4,114.82,115.66,116.8,116.85,117.48,120.49,120.9,119.09,119.05,118.63,119.53,116.94,117.78,118.6,115.88,114.84,115.14,121.35,124.87,126.33,125.66,122.4]",8.871424857899557,22.240409695644182,True,49.87,"Falling P&F column, wait for reversal",True,True,3.4054796696307177,28.821549296937544,-6.17985204600775,,1003482.0,0.4841619860888382,2026-09-28,2026-09-28 15:30 IST,Yahoo 5-minute quote,,2026-09-28T23:16+05:30
ANANDRATHI,60.0,0.0,0.9121639034398,2146.199951171875,60.0,19.39990234375,128771.9970703125,ANANDRATHI,Anand Rathi Wealth,ANANDRATHI,ANANDRATHI.NS,Wealth Management,Monitor,Mapped,Ticker mapped for Yahoo/NSE technical refresh.,1163.994140625,2126.800048828125,True,1,60,60,0.0,96990.459,1616.51,33629.54,34.67,100.0,100.0,Cost basis available,"Quantity, average price, invested value, and unrealized P&L were supplied in the portfolio export.",ANANDRATHI.NS,Updated,,2.881943750814129,2026-09-28,True,Constructive,65,Price is above the 200dma; relative strength is above its 50-day average; p&f shows a bullish breakout,"[100.0,99.3,99.48,98.15,97.52,95.77,98.39,99.38,100.82,98.44,98.97,99.94,97.42,99.2,100.39,99.26,98.83,97.76,98.25,98.93,102.23,104.59,105.44,104.49,106.68,110.2,109.07,107.68,108.49,112.56,113.89,111.52,113.59,114.01,115.41,113.66,112.31,112.06,112.26,112.23,112.08,112.22,112.9,112.46,111.95,111.08,110.08,109.23,109.82,111.19,109.21,108.41,108.58,110.96,112.27,113.09,114.41,115.78,116.04,115.62,115.57,116.97,116.65,115.18,115.95,114.81,114.13,115.12,115.42,116.75,115.73,116.88,117.78,117.83,118.68,119.61,119.63,117.65,119.27,119.72,120.77,121.98,120.88,121.03,120.07,118.33,117.13,120.12,118.16,121.08]",4.808463506215155,11.010260260273274,True,43.28,Bullish P&F breakout,False,True,-0.25885813923047785,19.197787359542474,-3.7362659263568077,,345808.0,1.2819547541237637,2026-09-28,2026-09-28 15:30 IST,Yahoo 5-minute quote,,2026-09-28T23:16+05:30
SOLARINDS,6.0,0.0,-3.0134211192706983,19150.0,6.0,-595.0,114900.0,SOLARINDS,Solar Industries India,SOLARINDS,SOLARINDS.NS,Defence / Explosives,Monitor,Mapped,Ticker mapped for Yahoo/NSE technical refresh.,-3570.0,19745.0,True,1,6,6,0.0,114408.2322,19068.04,5627.77,4.92,100.0,100.0,Cost basis available,"Quantity, average price, invested value, and unrealized P&L were supplied in the portfolio export.",SOLARINDS.NS,Updated,,2.5714856063600213,2026-09-28,True,Monitor,45,Price is above the 200dma; relative strength is above its 50-day average,"[100.0,98.45,98.81,98.85,99.7,99.0,99.97,100.93,102.55,100.55,101.75,100.89,100.51,98.76,96.45,94.22,93.68,91.08,93.81,95.15,96.6,98.32,98.06,95.83,94.04,96.4,100.84,99.69,99.45,98.8,98.49,97.05,96.88,92.43,95.83,95.25,96.48,96.21,97.09,97.74,100.1,99.9,100.06,99.89,99.1,98.57,96.38,94.92,95.08,96.45,96.81,97.48,95.9,96.9,97.45,97.66,97.33,96.89,104.91,103.84,103.9,105.71,102.78,102.53,103.14,103.21,102.11,103.82,106.43,105.24,103.26,104.38,107.95,112.36,112.33,115.46,117.85,117.97,118.48,118.05,104.12,102.2,100.77,98.53,102.31,105.64,104.2,105.59,107.3,105.67]",2.2140068848165217,4.7877031621055055,True,42.18,"Rising P&F column, no fresh breakout yet",False,True,-2.94369031434889,18.036122202693306,-14.718325539968824,,152458.0,0.5971326602871413,2026-09-28,2026-09-28 15:10 IST,Yahoo 5-minute quote,,2026-09-28T23:16+05:30
PRUDENT,30.0,0.0,2.3693517801799624,3171.300048828125,30.0,73.400146484375,95139.00146484376,PRUDENT,Prudent Corporate Advisory Services,PRUDENT,PRUDENT.NS,Wealth Distribution,Monitor,Mapped,Ticker mapped for Yahoo/NSE technical refresh.,2202.00439453125,3097.89990234375,True,1,30,30,0.0,101066.91,3368.9,-3266.91,-3.23,100.0,100.0,Cost basis available,"Quantity, average price, invested value, and unrealized P&L were supplied in the portfolio export.",PRUDENT.NS,Updated,,2.129230399219414,2026-09-28,True,Risk review,20,Price is above the 200dma; relative strength is above its 50-day average; p&f shows a bearish breakdown,"[100.0,98.38,98.63,99.66,97.76,101.0,102.59,101.73,100.13,98.54,101.83,99.62,100.2,103.96,108.46,109.42,111.45,111.67,112.31,108.3,110.92,112.34,112.31,109.63,110.35,109.53,110.51,109.05,109.54,109.66,109.81,109.28,107.6,107.72,107.27,110.2,107.65,105.37,103.4,104.92,102.03,104.68,104.36,105.54,104.96,104.05,111.76,113.54,116.18,118.22,119.34,117.81,119.04,117.19,120.64,120.09,120.77,119.17,117.52,115.97,118.74,119.72,121.1,119.5,119.02,118.35,117.81,118.33,123.0,120.86,129.2,119.44,116.17,119.11,120.07,121.3,117.78,119.33,120.36,122.75,120.42,123.16,121.77,127.31,124.62,123.78,121.24,119.5,115.27,119.82]",1.6864015729405768,8.422978506039014,True,43.14,Bearish P&F breakdown,False,True,-3.472645740235558,13.815302995483837,-13.692027729336653,,25637.0,0.794565084323944,2026-09-28,2026-09-28 15:30 IST,Yahoo 5-minute quote,,2026-09-28T23:16+05:30
FERMENTA,200.0,0.0,2.3270696068568464,479.2999877929688,200.0,10.899993896484377,95859.99755859376,FERMENTA,Fermenta Biotech,FERMENTA,FERMENTA.NS,Biotechnology,Monitor,Mapped,Ticker mapped for Yahoo/NSE technical refresh.,2179.998779296875,468.3999938964844,True,1,200,200,0.0,102449.92,512.25,-12449.92,-12.15,100.0,100.0,Cost basis available,"Quantity, average price, invested value, and unrealized P&L were supplied in the portfolio export.",FERMENTA.NS,Updated,,2.14536643992716,2026-09-28,True,Partial: Risk review,0,"Rsi is in a constructive momentum zone; p&f shows a bearish breakdown History available for 30 trading days, so long-term context is limited.","[100.0,100.4,100.83,104.72,103.95,102.03,102.01,106.21,111.11,108.47,106.77,115.24,110.87,110.29,110.31,106.56,110.2,108.2,106.18,107.6,107.35,105.35,106.34,106.38,105.57,106.07,109.45,107.51,111.71]",,,,53.55,Bearish P&F breakdown,,,,,-7.94200224375845,,2213826.0,21.026704303689748,2026-09-28,2026-09-28 15:25 IST,Yahoo 5-minute quote,Unusual volume (21.0x 20-day average),2026-09-28T23:16+05:30
RRKABEL,50.0,0.0,-2.7093303277729963,2459.800048828125,50.0,-68.5,122990.00244140624,RRKABEL,R R Kabel,RRKABEL,RRKABEL.NS,Electricals,Monitor,Mapped,Ticker mapped for Yahoo/NSE technical refresh.,-3425.0,2528.300048828125,True,1,50,50,0.0,99270.545,1985.41,40169.46,40.46,100.0,100.0,Cost basis available,"Quantity, average price, invested value, and unrealized P&L were supplied in the portfolio export.",RRKABEL.NS,Updated,,2.75254152310061,2026-09-28,True,Risk review,20,Price is above the 200dma,"[100.0,99.99,101.12,100.01,98.6,105.49,105.31,105.04,112.53,115.54,116.0,113.46,113.25,114.37,113.22,112.68,112.14,112.45,112.56,116.59,117.73,118.92,120.77,123.97,127.27,128.47,122.46,120.93,120.92,118.53,115.58,110.3,111.83,111.24,110.86,118.09,117.28,114.27,120.23,115.05,116.33,116.62,122.35,120.94,126.66,126.66,128.97,127.26,127.84,129.31,129.36,130.43,137.91,137.2,136.6,135.53,138.17,136.71,138.59,137.22,135.27,137.52,143.11,142.26,143.34,140.83,136.86,137.55,138.65,141.99,142.46,141.46,130.58,129.59,121.78,118.95,121.74,120.97,122.27,121.63,122.01,122.81,121.29,123.28,121.34,124.4,123.91,129.91,130.15,128.58]",-1.3526364690582326,5.000586130894669,False,43.67,"Rising P&F column, no fresh breakout yet",False,True,-6.1488899712052625,27.164439926818893,-16.001907838495022,,130010.0,0.2271260992712782,2026-09-28,2026-09-28 15:30 IST,Yahoo 5-minute quote,,2026-09-28T23:16+05:30
RAIN,500.0,0.0,-1.7779845209728196,215.4499969482422,500.0,-3.9000091552734375,107724.9984741211,RAIN,Rain Industries,RAIN,RAIN.NS,Materials,Monitor,Mapped,Ticker mapped for Yahoo/NSE technical refresh.,-1950.0045776367188,219.3500061035156,True,1,500,500,0.0,85952.55,171.91,18297.45,21.29,100.0,100.0,Cost basis available,"Quantity, average price, invested value, and unrealized P&L were supplied in the portfolio export.",RAIN.NS,Updated,,2.410907598097108,2026-09-28,True,Leader / hold,80,Price is above the 50dma; price is above the 200dma; relative strength is above its 50-day average; rsi is in a constructive momentum zone,"[100.0,101.86,115.48,110.58,113.21,122.46,125.69,130.37,132.81,128.97,130.51,128.73,134.68,132.82,131.47,129.86,135.2,125.62,127.22,121.59,122.65,123.31,118.99,124.07,120.11,120.08,117.69,117.52,120.79,120.23,125.52,128.08,128.55,130.42,130.57,134.36,130.08,131.78,135.28,131.33,133.85,140.63,137.96,143.84,144.84,142.07,139.57,141.4,140.03,140.24,142.83,148.84,151.7,152.68,139.68,127.32,126.2,129.91,132.47,130.76,128.89,127.97,129.07,128.12,130.29,133.38,124.59,121.87,121.13,123.9,120.88,129.51,129.86,133.32,136.16,133.98,137.74,141.48,138.67,137.82,128.22,129.86,131.03,132.39,135.78,140.5,141.19,142.54,143.63,143.25]",5.8942637921233665,21.723039684278046,True,52.89,"Rising P&F column, no fresh breakout yet",True,True,0.868410405525144,28.994818706320103,-10.92117149471129,,2140002.0,0.5005251942804853,2026-09-28,2026-09-28 15:25 IST,Yahoo 5-minute quote,,2026-09-28T23:16+05:30
JAYBARMARU,750.0,0.0,0.7980202113985646,122.5199966430664,750.0,0.9699935913085938,91889.9974822998,JAYBARMARU,JBM Auto,JAYBARMARU,JAYBARMARU.NS,Auto Components,Monitor,Mapped,Ticker mapped for Yahoo/NSE technical refresh.,727.4951934814453,121.5500030517578,True,1,750,750,0.0,126509.775,168.68,-29609.78,-23.41,100.0,100.0,Cost basis available,"Quantity, average price, invested value, and unrealized P&L were supplied in the portfolio export.",JAYBARMARU.NS,Updated,,2.056517022577829,2026-09-28,True,Risk review,25,Price is above the 200dma; relative strength is below its 50-day average; rsi is in a constructive momentum zone,"[100.0,101.57,101.87,97.06,95.23,95.27,98.71,108.53,110.5,109.07,110.67,122.87,119.71,116.48,115.98,124.62,135.22,141.65,138.61,145.06,142.19,136.46,139.37,134.38,141.1,145.48,144.64,143.97,142.49,143.48,149.97,156.2,150.57,155.97,154.64,162.1,164.69,156.04,148.67,141.67,138.81,141.18,139.78,134.24,135.52,140.5,133.27,125.81,126.18,131.92,131.79,132.67,126.02,120.34,114.03,107.58,103.28,105.99,107.96,104.14,103.93,106.48,103.08,103.93,102.47,103.44,99.88,100.76,99.83,104.28,100.96,102.27,101.04,100.25,100.88,99.56,96.29,97.46,98.03,97.23,95.69,96.25,95.65,92.94,91.87,92.49,96.56,104.06,104.02,106.46]",-3.197444293191143,-26.39151419877218,False,51.7,"Rising P&F column, no fresh breakout yet",False,True,-7.06926410071349,6.287041238626689,-38.15586258697453,,403964.0,1.3454346649161135,2026-09-28,2026-09-28 15:25 IST,Yahoo 5-minute quote,,2026-09-28T23:16+05:30
LALPATHLAB,65.0,0.0,-0.5224644259118949,1942.0999755859373,65.0,-10.2000732421875,126236.49841308594,LALPATHLAB,Dr. Lal PathLabs,LALPATHLAB,LALPATHLAB.NS,Diagnostics,Monitor,Mapped,Ticker mapped for Yahoo/NSE technical refresh.,-663.0047607421875,1952.300048828125,True,1,65,65,0.0,126135.7565,1940.55,-1758.26,-1.39,100.0,100.0,Cost basis available,"Quantity, average price, invested value, and unrealized P&L were supplied in the portfolio export.",LALPATHLAB.NS,Updated,,2.825198769943779,2026-09-28,True,Leader / hold,100,Price is above the 50dma; price is above the 200dma; relative strength is above its 50-day average; rsi is in a constructive momentum zone; p&f shows a bullish breakout,"[100.0,96.85,95.01,93.89,94.59,95.43,94.79,93.77,94.82,93.9,92.8,94.21,94.87,95.79,98.11,96.32,95.88,96.84,97.13,97.47,95.78,97.53,98.29,97.44,99.98,97.85,97.39,95.37,96.48,96.33,98.25,97.94,97.77,98.27,97.57,99.27,100.96,99.46,100.29,97.96,97.71,97.82,98.89,99.27,103.4,106.05,104.55,108.34,108.77,109.83,108.38,108.26,108.11,111.02,110.94,111.45,111.14,111.06,111.68,109.53,107.19,108.94,108.1,107.76,107.91,107.25,108.48,110.01,110.07,109.51,109.2,108.92,110.37,110.59,108.1,109.97,110.33,111.35,111.58,111.13,113.33,112.67,113.31,110.71,112.1,111.49,111.71,116.85,116.61,117.79]",7.874632698878403,20.942166752941247,True,57.15,Bullish P&F breakout,True,True,2.5372471490345605,22.65570646065129,-1.3361130106647856,,129786.0,0.4125456654351475,2026-09-28,2026-09-28 15:25 IST,Yahoo 5-minute quote,,2026-09-28T23:16+05:30
RPTECH,120.0,0.0,-1.0134364829752274,883.9500122070312,120.0,-9.04998779296875,106074.00146484376,RPTECH,Rashi Peripherals,RPTECH,RPTECH.NS,Technology Distribution,Monitor,Mapped,Ticker mapped for Yahoo/NSE technical refresh.,-1085.99853515625,893.0,True,1,120,120,0.0,106104.888,884.21,-5634.89,-5.31,100.0,100.0,Cost basis available,"Quantity, average price, invested value, and unrealized P&L were supplied in the portfolio export.",RPTECH.NS,Updated,,2.373957945829918,2026-09-28,True,Leader / hold,100,Price is above the 50dma; price is above the 200dma; relative strength is above its 50-day average; rsi is in a constructive momentum zone; p&f shows a bullish breakout,"[100.0,98.87,98.25,95.02,93.84,98.37,101.86,101.56,99.93,98.95,100.62,101.34,101.51,98.58,99.77,102.46,101.59,119.22,123.03,130.53,134.09,135.3,132.09,136.47,140.66,136.18,139.32,140.9,141.84,135.03,134.99,133.46,133.25,138.34,137.36,136.31,136.97,136.25,133.96,129.76,132.88,130.24,131.96,136.38,139.51,141.56,138.41,135.48,142.86,145.85,152.96,151.46,157.0,151.28,155.96,155.24,153.59,147.54,150.12,145.03,151.45,150.09,146.08,148.55,151.99,150.18,134.42,134.57,135.32,142.94,140.14,140.78,141.26,142.54,144.27,150.11,143.55,140.22,142.83,145.16,144.21,143.66,144.5,141.7,144.19,156.92,158.71,160.14,162.27,163.1]",11.848746314386705,17.073403497256013,True,59.92,Bullish P&F breakout,True,True,6.39830766278382,57.75028383992229,-1.8682296410095,,238395.0,0.8003359870197819,2026-09-28,2026-09-28 15:25 IST,Yahoo 5-minute quote,,2026-09-28T23:16+05:30
